ticker,name,sector,sub_industry,ai_density_2021,mda_length,note
MMM,3M,Industrials,Industrial Conglomerates,0.0516,634929, full_text_fallback
AOS,A. O. Smith,Industrials,Building Products,0.0,273959, full_text_fallback
ABT,Abbott Laboratories,Health Care,Health Care Equipment,0.0,366848, full_text_fallback
ABBV,AbbVie,Health Care,Biotechnology,0.0,475539, full_text_fallback
ACN,Accenture,Information Technology,IT Consulting & Other Services,0.1563,402166, full_text_fallback
ADBE,Adobe Inc.,Information Technology,Application Software,0.8861,512867, full_text_fallback
AMD,Advanced Micro Devices,Information Technology,Semiconductors,0.2904,405299, full_text_fallback
AFL,Aflac,Financials,Life & Health Insurance,0.0,848532, full_text_fallback
A,Agilent Technologies,Health Care,Life Sciences Tools & Services,0.0453,573632, full_text_fallback
AKAM,Akamai Technologies,Information Technology,Internet Services & Infrastructure,0.0,415690, full_text_fallback
ALGN,Align Technology,Health Care,Health Care Supplies,0.0,476715, full_text_fallback
ALLE,Allegion,Industrials,Building Products,0.0,433565, full_text_fallback
ALL,Allstate,Financials,Property & Casualty Insurance,0.0,700292, full_text_fallback
GOOGL,Alphabet Inc. (Class A),Communication Services,Interactive Media & Services,0.3545,454669, full_text_fallback
GOOG,Alphabet Inc. (Class C),Communication Services,Interactive Media & Services,0.3545,454669, full_text_fallback
AXP,American Express,Financials,Consumer Finance,0.1344,723363, full_text_fallback
AIG,American International Group,Financials,Multi-line Insurance,0.0,1151573, full_text_fallback
AMP,Ameriprise Financial,Financials,Asset Management & Custody Banks,0.0,988921, full_text_fallback
AME,Ametek,Industrials,Electrical Components & Equipment,0.0,325075, full_text_fallback
AMGN,Amgen,Health Care,Biotechnology,0.0,670539, full_text_fallback
APH,Amphenol,Information Technology,Electronic Components,0.0,454830, full_text_fallback
ADI,Analog Devices,Information Technology,Semiconductors,0.0,433202, full_text_fallback
AON,Aon plc,Financials,Insurance Brokers,0.0,531317, full_text_fallback
APA,APA Corporation,Energy,Oil & Gas Exploration & Production,0.0,613481,used 2022 filing full_text_fallback
APO,Apollo Global Management,Financials,Asset Management & Custody Banks,,0,no_filing_found
AAPL,Apple Inc.,Information Technology,"Technology Hardware, Storage & Peripherals",0.0,269722, full_text_fallback
AMAT,Applied Materials,Information Technology,Semiconductor Materials & Equipment,0.0433,425647, full_text_fallback
APP,AppLovin,Information Technology,Application Software,0.0,594621,used 2022 filing full_text_fallback
ACGL,Arch Capital Group,Financials,Property & Casualty Insurance,0.0,988338, full_text_fallback
ARES,Ares Management,Financials,Asset Management & Custody Banks,0.0241,1028584, full_text_fallback
ANET,Arista Networks,Information Technology,Communications Equipment,0.2016,488468, full_text_fallback
AJG,Arthur J. Gallagher & Co.,Financials,Insurance Brokers,0.0,366285, full_text_fallback
AIZ,Assurant,Financials,Multi-line Insurance,0.0,878588, full_text_fallback
T,AT&T,Communication Services,Integrated Telecommunication Services,0.0,613608, full_text_fallback
ADSK,Autodesk,Information Technology,Application Software,0.3245,502280, full_text_fallback
ADP,Automatic Data Processing,Industrials,Human Resource & Employment Services,0.2335,359709, full_text_fallback
AXON,Axon Enterprise,Industrials,Aerospace & Defense,0.1037,389417, full_text_fallback
BKR,Baker Hughes,Energy,Oil & Gas Equipment & Services,0.5402,415588, full_text_fallback
BAC,Bank of America,Financials,Diversified Banks,0.0657,664501, full_text_fallback
BAX,Baxter International,Health Care,Health Care Equipment,0.0,472119, full_text_fallback
BDX,Becton Dickinson,Health Care,Health Care Equipment,0.0,436877, full_text_fallback
BRK-B,Berkshire Hathaway,Financials,Multi-Sector Holdings,0.0,313324, full_text_fallback
TECH,Bio-Techne,Health Care,Life Sciences Tools & Services,0.0,383166, full_text_fallback
BIIB,Biogen,Health Care,Biotechnology,0.0,729322, full_text_fallback
BLK,BlackRock,Financials,Asset Management & Custody Banks,,0,no_filing_found
BX,Blackstone Inc.,Financials,Asset Management & Custody Banks,0.136,1271604, full_text_fallback
XYZ,"Block, Inc.",Financials,Transaction & Payment Processing Services,0.0429,592236, full_text_fallback
BNY,BNY Mellon,Financials,Asset Management & Custody Banks,,0,no_filing_found
BA,Boeing,Industrials,Aerospace & Defense,0.0,514251, full_text_fallback
BSX,Boston Scientific,Health Care,Health Care Equipment,0.0,644603, full_text_fallback
BMY,Bristol Myers Squibb,Health Care,Pharmaceuticals,0.0,688135, full_text_fallback
AVGO,Broadcom,Information Technology,Semiconductors,0.1023,497559, full_text_fallback
BR,Broadridge Financial Solutions,Industrials,Data Processing & Outsourced Services,0.0187,461621, full_text_fallback
BRO,Brown & Brown,Financials,Insurance Brokers,0.0,442555, full_text_fallback
BLDR,Builders FirstSource,Industrials,Building Products,0.0,9117, full_text_fallback
CHRW,C.H. Robinson,Industrials,Air Freight & Logistics,0.029,300990, full_text_fallback
CDNS,Cadence Design Systems,Information Technology,Application Software,0.0,197689, full_text_fallback
COF,Capital One,Financials,Consumer Finance,0.0,455773, full_text_fallback
CAH,Cardinal Health,Health Care,Health Care Distributors,0.0,423189, full_text_fallback
CARR,Carrier Global,Industrials,Building Products,0.0335,485696, full_text_fallback
CAT,Caterpillar Inc.,Industrials,Construction Machinery & Heavy Transportation Equipment,0.0,626789, full_text_fallback
CBOE,Cboe Global Markets,Financials,Financial Exchanges & Data,0.0,633184, full_text_fallback
CDW,CDW Corporation,Information Technology,Technology Distributors,0.0229,383471, full_text_fallback
COR,Cencora,Health Care,Health Care Distributors,0.0,433317, full_text_fallback
CNC,Centene Corporation,Health Care,Managed Health Care,0.0623,541107, full_text_fallback
CRL,Charles River Laboratories,Health Care,Life Sciences Tools & Services,0.0154,571584, full_text_fallback
SCHW,Charles Schwab Corporation,Financials,Investment Banking & Brokerage,0.0,659804, full_text_fallback
CHTR,Charter Communications,Communication Services,Cable & Satellite,0.0,500317, full_text_fallback
CVX,Chevron Corporation,Energy,Integrated Oil & Gas,0.0,586385, full_text_fallback
CB,Chubb Limited,Financials,Property & Casualty Insurance,0.0,537463, full_text_fallback
CIEN,Ciena,Information Technology,Communications Equipment,0.1203,546575, full_text_fallback
CI,Cigna,Health Care,Health Care Services,0.0221,790821, full_text_fallback
CINF,Cincinnati Financial,Financials,Property & Casualty Insurance,0.0,824720, full_text_fallback
CTAS,Cintas,Industrials,Diversified Support Services,0.0,290396, full_text_fallback
CSCO,Cisco,Information Technology,Communications Equipment,0.1034,513327, full_text_fallback
C,Citigroup,Financials,Diversified Banks,0.0,834748, full_text_fallback
CFG,Citizens Financial Group,Financials,Regional Banks,0.0224,859023, full_text_fallback
CME,CME Group,Financials,Financial Exchanges & Data,0.0,430155, full_text_fallback
CTSH,Cognizant,Information Technology,IT Consulting & Other Services,0.4204,433239, full_text_fallback
COHR,Coherent Corp.,Information Technology,Electronic Components,0.0,506089, full_text_fallback
COIN,Coinbase,Financials,Financial Exchanges & Data,0.0116,662240,used 2022 filing full_text_fallback
CMCSA,Comcast,Communication Services,Cable & Satellite,0.0,502923, full_text_fallback
FIX,Comfort Systems USA,Industrials,Construction & Engineering,0.0,414295, full_text_fallback
COP,ConocoPhillips,Energy,Oil & Gas Exploration & Production,0.0337,589237, full_text_fallback
COO,Cooper Companies (The),Health Care,Health Care Supplies,0.0,530710, full_text_fallback
CPRT,Copart,Industrials,Diversified Support Services,0.0213,378128, full_text_fallback
GLW,Corning Inc.,Information Technology,Electronic Components,0.0,298357, full_text_fallback
CPAY,Corpay,Financials,Transaction & Payment Processing Services,0.0,498063, full_text_fallback
CRWD,CrowdStrike,Information Technology,Systems Software,0.4532,641806, full_text_fallback
CSX,CSX Corporation,Industrials,Rail Transportation,0.0,320742, full_text_fallback
CMI,Cummins,Industrials,Construction Machinery & Heavy Transportation Equipment,0.0,560884, full_text_fallback
CVS,CVS Health,Health Care,Health Care Services,,0,error: [Errno 11001] getaddrinfo failed
DHR,Danaher Corporation,Health Care,Life Sciences Tools & Services,,0,error: [Errno 11001] getaddrinfo failed
DDOG,Datadog,Information Technology,Application Software,0.0356,475103, full_text_fallback
DVA,DaVita,Health Care,Health Care Services,0.0239,686062, full_text_fallback
DE,Deere & Company,Industrials,Agricultural & Farm Machinery,0.0,457116, full_text_fallback
DELL,Dell Technologies,Information Technology,"Technology Hardware, Storage & Peripherals",0.1109,714177, full_text_fallback
DAL,Delta Air Lines,Industrials,Passenger Airlines,0.0,527999, full_text_fallback
DVN,Devon Energy,Energy,Oil & Gas Exploration & Production,0.0192,458046, full_text_fallback
DXCM,Dexcom,Health Care,Health Care Equipment,0.0249,605230, full_text_fallback
FANG,Diamondback Energy,Energy,Oil & Gas Exploration & Production,0.0,657569, full_text_fallback
DOV,Dover Corporation,Industrials,Industrial Machinery & Supplies & Components,0.0365,493490, full_text_fallback
ETN,Eaton Corporation,Industrials,Electrical Components & Equipment,0.0,379615, full_text_fallback
SATS,EchoStar,Communication Services,Wireless Telecommunication Services,0.0,587445, full_text_fallback
EW,Edwards Lifesciences,Health Care,Health Care Equipment,0.0,394770, full_text_fallback
EA,Electronic Arts,Communication Services,Interactive Home Entertainment,0.0,388350, full_text_fallback
ELV,Elevance Health,Health Care,Managed Health Care,0.0,749759, full_text_fallback
EME,Emcor,Industrials,Construction & Engineering,0.0,485399, full_text_fallback
EMR,Emerson Electric,Industrials,Electrical Components & Equipment,0.0,278896, full_text_fallback
EOG,EOG Resources,Energy,Oil & Gas Exploration & Production,0.0,535751, full_text_fallback
EPAM,EPAM Systems,Information Technology,IT Consulting & Other Services,0.0419,437035, full_text_fallback
EQT,EQT Corporation,Energy,Oil & Gas Exploration & Production,0.0,571826, full_text_fallback
EFX,Equifax,Industrials,Research & Consulting Services,0.1641,592348, full_text_fallback
ERIE,Erie Indemnity,Financials,Insurance Brokers,0.0,371070, full_text_fallback
EG,Everest Group,Financials,Reinsurance,0.0,476525, full_text_fallback
EXE,Expand Energy,Energy,Oil & Gas Exploration & Production,0.0,98753, full_text_fallback
EXPD,Expeditors International,Industrials,Air Freight & Logistics,0.0,295468, full_text_fallback
XOM,ExxonMobil,Energy,Integrated Oil & Gas,0.0,595691, full_text_fallback
FFIV,"F5, Inc.",Information Technology,Communications Equipment,0.2008,379325, full_text_fallback
FDS,FactSet,Financials,Financial Exchanges & Data,0.021,385761, full_text_fallback
FICO,Fair Isaac,Information Technology,Application Software,0.1743,444312, full_text_fallback
FAST,Fastenal,Industrials,Trading Companies & Distributors,0.0,330464, full_text_fallback
FDX,FedEx,Industrials,Air Freight & Logistics,0.0137,588622, full_text_fallback
FIS,Fidelity National Information Services,Financials,Transaction & Payment Processing Services,0.0502,506184, full_text_fallback
FITB,Fifth Third Bancorp,Financials,Regional Banks,0.0,518863, full_text_fallback
FSLR,First Solar,Information Technology,Semiconductors,0.0,608052, full_text_fallback
FISV,Fiserv,Financials,Transaction & Payment Processing Services,0.015,517062, full_text_fallback
FTNT,Fortinet,Information Technology,Systems Software,0.2079,528970, full_text_fallback
FTV,Fortive,Industrials,Industrial Machinery & Supplies & Components,0.0,567472, full_text_fallback
FOXA,Fox Corporation (Class A),Communication Services,Broadcasting,0.0,537446, full_text_fallback
FOX,Fox Corporation (Class B),Communication Services,Broadcasting,0.0,537446, full_text_fallback
BEN,Franklin Resources,Financials,Asset Management & Custody Banks,0.0,484972, full_text_fallback
IT,Gartner,Information Technology,IT Consulting & Other Services,0.0,384831, full_text_fallback
GE,GE Aerospace,Industrials,Aerospace & Defense,0.0268,683561, full_text_fallback
GEHC,GE HealthCare,Health Care,Health Care Equipment,,0,no_filing_found
GEV,GE Vernova,Industrials,Heavy Electrical Equipment,,0,no_filing_found
GEN,Gen Digital,Information Technology,Systems Software,0.0,384929, full_text_fallback
GNRC,Generac,Industrials,Electrical Components & Equipment,0.0,402442, full_text_fallback
GD,General Dynamics,Industrials,Aerospace & Defense,0.1603,386660, full_text_fallback
GILD,Gilead Sciences,Health Care,Biotechnology,0.0,511720, full_text_fallback
GPN,Global Payments,Financials,Transaction & Payment Processing Services,0.0,462635, full_text_fallback
GL,Globe Life,Financials,Life & Health Insurance,0.0,564183, full_text_fallback
GDDY,GoDaddy,Information Technology,Internet Services & Infrastructure,0.0146,545329, full_text_fallback
GS,Goldman Sachs,Financials,Investment Banking & Brokerage,0.0,588536, full_text_fallback
HAL,Halliburton,Energy,Oil & Gas Equipment & Services,0.027,323385, full_text_fallback
HIG,Hartford (The),Financials,Property & Casualty Insurance,0.0,613908, full_text_fallback
HCA,HCA Healthcare,Health Care,Health Care Facilities,0.0,569142, full_text_fallback
HSIC,Henry Schein,Health Care,Health Care Distributors,0.0,480920, full_text_fallback
HPE,Hewlett Packard Enterprise,Information Technology,"Technology Hardware, Storage & Peripherals",1.0682,675663, full_text_fallback
HON,Honeywell,Industrials,Industrial Conglomerates,0.0,451433, full_text_fallback
HWM,Howmet Aerospace,Industrials,Aerospace & Defense,0.0,507176, full_text_fallback
HPQ,HP Inc.,Information Technology,"Technology Hardware, Storage & Peripherals",0.0,553914, full_text_fallback
HUBB,Hubbell Incorporated,Industrials,Industrial Machinery & Supplies & Components,0.0,443159, full_text_fallback
HUM,Humana,Health Care,Managed Health Care,0.0,538501, full_text_fallback
HBAN,Huntington Bancshares,Financials,Regional Banks,0.0,917584, full_text_fallback
HII,Huntington Ingalls Industries,Industrials,Aerospace & Defense,0.0159,517095, full_text_fallback
IBM,IBM,Information Technology,IT Consulting & Other Services,0.7116,131385, full_text_fallback
IEX,IDEX Corporation,Industrials,Industrial Machinery & Supplies & Components,0.0,402019, full_text_fallback
IDXX,Idexx Laboratories,Health Care,Health Care Equipment,0.0,517063, full_text_fallback
ITW,Illinois Tool Works,Industrials,Industrial Machinery & Supplies & Components,0.0,339227, full_text_fallback
INCY,Incyte,Health Care,Biotechnology,0.0,571639, full_text_fallback
IR,Ingersoll Rand,Industrials,Industrial Machinery & Supplies & Components,0.0,583909, full_text_fallback
PODD,Insulet Corporation,Health Care,Health Care Equipment,0.0,348134, full_text_fallback
INTC,Intel,Information Technology,Semiconductors,0.8955,557714, full_text_fallback
IBKR,Interactive Brokers,Financials,Investment Banking & Brokerage,0.0,516997, full_text_fallback
ICE,Intercontinental Exchange,Financials,Financial Exchanges & Data,0.1381,726282, full_text_fallback
INTU,Intuit,Information Technology,Application Software,0.3465,475933, full_text_fallback
ISRG,Intuitive Surgical,Health Care,Health Care Equipment,0.0,590263, full_text_fallback
IVZ,Invesco,Financials,Asset Management & Custody Banks,0.0,595182, full_text_fallback
IQV,IQVIA,Health Care,Life Sciences Tools & Services,0.0156,513272, full_text_fallback
JBHT,J.B. Hunt,Industrials,Cargo Ground Transportation,0.0,249752, full_text_fallback
JBL,Jabil,Information Technology,Electronic Manufacturing Services,0.0,410865, full_text_fallback
JKHY,Jack Henry & Associates,Financials,Transaction & Payment Processing Services,0.0,266245, full_text_fallback
J,Jacobs Solutions,Industrials,Construction & Engineering,0.043,547658, full_text_fallback
JNJ,Johnson & Johnson,Health Care,Pharmaceuticals,0.0,514291, full_text_fallback
JCI,Johnson Controls,Industrials,Building Products,0.0626,547343, full_text_fallback
JPM,JPMorgan Chase,Financials,Diversified Banks,0.0,822448, full_text_fallback
KEY,KeyCorp,Financials,Regional Banks,0.0,1007128, full_text_fallback
KEYS,Keysight Technologies,Information Technology,Electronic Equipment & Instruments,0.2203,494232, full_text_fallback
KMI,Kinder Morgan,Energy,Oil & Gas Storage & Transportation,0.0,688613, full_text_fallback
KKR,KKR & Co.,Financials,Asset Management & Custody Banks,0.0,1408730, full_text_fallback
KLAC,KLA Corporation,Information Technology,Semiconductor Materials & Equipment,0.0746,589629, full_text_fallback
LHX,L3Harris,Industrials,Aerospace & Defense,0.0,731728, full_text_fallback
LH,Labcorp,Health Care,Health Care Services,0.057,556873, full_text_fallback
LRCX,Lam Research,Information Technology,Semiconductor Materials & Equipment,0.0837,409263, full_text_fallback
LDOS,Leidos,Industrials,Diversified Support Services,0.0325,512173, full_text_fallback
LII,Lennox International,Industrials,Building Products,0.0,382137, full_text_fallback
LLY,Lilly (Eli),Health Care,Pharmaceuticals,0.0,484052, full_text_fallback
LYV,Live Nation Entertainment,Communication Services,Movies & Entertainment,0.0,493528, full_text_fallback
LMT,Lockheed Martin,Industrials,Aerospace & Defense,0.0146,533362, full_text_fallback
L,Loews Corporation,Financials,Multi-line Insurance,0.0,642093, full_text_fallback
LITE,Lumentum,Information Technology,Communications Equipment,0.0308,531614, full_text_fallback
MTB,M&T Bank,Financials,Regional Banks,0.0,640726, full_text_fallback
MPC,Marathon Petroleum,Energy,Oil & Gas Refining & Marketing,0.0,706068, full_text_fallback
MRSH,Marsh McLennan,Financials,Insurance Brokers,0.0435,555384, full_text_fallback
MAS,Masco,Industrials,Building Products,0.0,326890, full_text_fallback
MA,Mastercard,Financials,Transaction & Payment Processing Services,0.194,516445, full_text_fallback
MCK,McKesson Corporation,Health Care,Health Care Distributors,0.0,603190, full_text_fallback
MDT,Medtronic,Health Care,Health Care Equipment,0.0768,550071, full_text_fallback
MRK,Merck & Co.,Health Care,Pharmaceuticals,0.0,678726, full_text_fallback
META,Meta Platforms,Communication Services,Interactive Media & Services,0.1927,488767, full_text_fallback
MET,MetLife,Financials,Life & Health Insurance,0.0,781049, full_text_fallback
MTD,Mettler Toledo,Health Care,Life Sciences Tools & Services,0.0,338039, full_text_fallback
MCHP,Microchip Technology,Information Technology,Semiconductors,0.0357,473260, full_text_fallback
MU,Micron Technology,Information Technology,Semiconductors,0.1563,358638, full_text_fallback
MSFT,Microsoft,Information Technology,Systems Software,0.872,408950, full_text_fallback
MRNA,Moderna,Health Care,Biotechnology,0.103,1131526, full_text_fallback
MPWR,Monolithic Power Systems,Information Technology,Semiconductors,0.0,375879, full_text_fallback
MCO,Moody's Corporation,Financials,Financial Exchanges & Data,0.0,628743, full_text_fallback
MS,Morgan Stanley,Financials,Investment Banking & Brokerage,0.0,574067, full_text_fallback
MSI,Motorola Solutions,Information Technology,Communications Equipment,0.3841,499759, full_text_fallback
MSCI,MSCI Inc.,Financials,Financial Exchanges & Data,0.0182,503160, full_text_fallback
NDAQ,"Nasdaq, Inc.",Financials,Financial Exchanges & Data,0.0145,570070, full_text_fallback
NTAP,NetApp,Information Technology,"Technology Hardware, Storage & Peripherals",0.0928,448628, full_text_fallback
NFLX,Netflix,Communication Services,Movies & Entertainment,0.0,287682, full_text_fallback
NWSA,News Corp (Class A),Communication Services,Publishing,0.0,595764, full_text_fallback
NWS,News Corp (Class B),Communication Services,Publishing,0.0,595764, full_text_fallback
NDSN,Nordson Corporation,Industrials,Industrial Machinery & Supplies & Components,0.0,327125, full_text_fallback
NSC,Norfolk Southern,Industrials,Rail Transportation,0.0,301028, full_text_fallback
NTRS,Northern Trust,Financials,Asset Management & Custody Banks,0.0195,969520, full_text_fallback
NOC,Northrop Grumman,Industrials,Aerospace & Defense,0.0,453334, full_text_fallback
NVDA,Nvidia,Information Technology,Semiconductors,1.9693,369715, full_text_fallback
NXPI,NXP Semiconductors,Information Technology,Semiconductors,0.0,454380, full_text_fallback
OXY,Occidental Petroleum,Energy,Oil & Gas Exploration & Production,0.0,619646, full_text_fallback
ODFL,Old Dominion,Industrials,Cargo Ground Transportation,0.0,248249, full_text_fallback
OMC,Omnicom Group,Communication Services,Advertising,0.0,372565, full_text_fallback
ON,ON Semiconductor,Information Technology,Semiconductors,0.0476,529216, full_text_fallback
OKE,Oneok,Energy,Oil & Gas Storage & Transportation,0.0,569895, full_text_fallback
ORCL,Oracle Corporation,Information Technology,Application Software,0.162,519646, full_text_fallback
OTIS,Otis Worldwide,Industrials,Industrial Machinery & Supplies & Components,0.0,439943, full_text_fallback
PCAR,Paccar,Industrials,Construction Machinery & Heavy Transportation Equipment,0.0,373430, full_text_fallback
PLTR,Palantir Technologies,Information Technology,Application Software,0.1449,651132, full_text_fallback
PANW,Palo Alto Networks,Information Technology,Systems Software,0.2512,500189, full_text_fallback
PSKY,Paramount Skydance Corporation,Communication Services,Movies & Entertainment,,0,no_filing_found
PH,Parker Hannifin,Industrials,Industrial Machinery & Supplies & Components,0.0,308587, full_text_fallback
PAYX,Paychex,Industrials,Human Resource & Employment Services,0.1158,364956, full_text_fallback
PYPL,PayPal,Financials,Transaction & Payment Processing Services,0.0329,538613, full_text_fallback
PNR,Pentair,Industrials,Industrial Machinery & Supplies & Components,0.0,397586, full_text_fallback
PFE,Pfizer,Health Care,Pharmaceuticals,0.0,831092, full_text_fallback
PSX,Phillips 66,Energy,Oil & Gas Refining & Marketing,0.0,548412, full_text_fallback
PNC,PNC Financial Services,Financials,Diversified Banks,0.0,511844, full_text_fallback
PFG,Principal Financial Group,Financials,Life & Health Insurance,0.0,1088013, full_text_fallback
PGR,Progressive Corporation,Financials,Property & Casualty Insurance,0.0,210292, full_text_fallback
PRU,Prudential Financial,Financials,Life & Health Insurance,0.0,811675, full_text_fallback
PTC,PTC Inc.,Information Technology,Application Software,0.045,394407, full_text_fallback
PWR,Quanta Services,Industrials,Construction & Engineering,0.0,624358, full_text_fallback
QCOM,Qualcomm,Information Technology,Semiconductors,0.318,454644, full_text_fallback
DGX,Quest Diagnostics,Health Care,Health Care Services,0.0498,495683, full_text_fallback
Q,Qnity Electronics,Information Technology,Semiconductor Materials & Equipment,,0,no_filing_found
RJF,Raymond James Financial,Financials,Investment Banking & Brokerage,0.0113,788575, full_text_fallback
RTX,RTX Corporation,Industrials,Aerospace & Defense,0.0,725181, full_text_fallback
REGN,Regeneron Pharmaceuticals,Health Care,Biotechnology,0.0,764193, full_text_fallback
RF,Regions Financial Corporation,Financials,Regional Banks,0.0,1027434, full_text_fallback
RSG,Republic Services,Industrials,Environmental & Facilities Services,0.0,572169, full_text_fallback
RMD,ResMed,Health Care,Health Care Equipment,0.0,14620, full_text_fallback
RVTY,Revvity,Health Care,Health Care Equipment,0.0,571806, full_text_fallback
HOOD,Robinhood Markets,Financials,Investment Banking & Brokerage,0.0704,565874,used 2022 filing full_text_fallback
ROK,Rockwell Automation,Industrials,Electrical Components & Equipment,0.0665,423136, full_text_fallback
ROL,"Rollins, Inc.",Industrials,Environmental & Facilities Services,0.0,297345, full_text_fallback
ROP,Roper Technologies,Information Technology,Electronic Equipment & Instruments,0.0,284710, full_text_fallback
SPGI,S&P Global,Financials,Financial Exchanges & Data,0.0317,531013, full_text_fallback
CRM,Salesforce,Information Technology,Application Software,0.3296,491802, full_text_fallback
SNDK,Sandisk,Information Technology,"Technology Hardware, Storage & Peripherals",,0,no_filing_found
SLB,Schlumberger,Energy,Oil & Gas Equipment & Services,0.0287,339436, full_text_fallback
STX,Seagate Technology,Information Technology,"Technology Hardware, Storage & Peripherals",0.1608,483007, full_text_fallback
NOW,ServiceNow,Information Technology,Systems Software,0.4528,405948, full_text_fallback
SWKS,Skyworks Solutions,Information Technology,Semiconductors,0.0,318044, full_text_fallback
SNA,Snap-on,Industrials,Industrial Machinery & Supplies & Components,0.0,525200, full_text_fallback
SOLV,Solventum,Health Care,Health Care Technology,,0,no_filing_found
LUV,Southwest Airlines,Industrials,Passenger Airlines,0.0,586072, full_text_fallback
SWK,Stanley Black & Decker,Industrials,Industrial Machinery & Supplies & Components,0.1219,526189, full_text_fallback
STT,State Street Corporation,Financials,Asset Management & Custody Banks,0.0158,1151114, full_text_fallback
STE,Steris,Health Care,Health Care Equipment,0.0,482971, full_text_fallback
SYK,Stryker Corporation,Health Care,Health Care Equipment,0.0,292507, full_text_fallback
SMCI,Supermicro,Information Technology,"Technology Hardware, Storage & Peripherals",0.0902,594692, full_text_fallback
SYF,Synchrony Financial,Financials,Consumer Finance,0.0121,658539, full_text_fallback
SNPS,Synopsys,Information Technology,Application Software,0.1946,402166, full_text_fallback
TMUS,T-Mobile US,Communication Services,Wireless Telecommunication Services,0.0,646091, full_text_fallback
TROW,T. Rowe Price,Financials,Asset Management & Custody Banks,0.0,419050, full_text_fallback
TTWO,Take-Two Interactive,Communication Services,Interactive Home Entertainment,,0,error: [Errno 11001] getaddrinfo failed
TRGP,Targa Resources,Energy,Oil & Gas Storage & Transportation,,0,error: The read operation timed out
TEL,TE Connectivity,Information Technology,Electronic Manufacturing Services,0.0,386646, full_text_fallback
TDY,Teledyne Technologies,Information Technology,Electronic Equipment & Instruments,,0,error: The read operation timed out
TER,Teradyne,Information Technology,Semiconductor Materials & Equipment,,0,error: timed out
TXN,Texas Instruments,Information Technology,Semiconductors,0.0,267732, full_text_fallback
TPL,Texas Pacific Land Corporation,Energy,Oil & Gas Exploration & Production,0.0,280178, full_text_fallback
TXT,Textron,Industrials,Aerospace & Defense,0.0,373036, full_text_fallback
TMO,Thermo Fisher Scientific,Health Care,Life Sciences Tools & Services,0.0,406692, full_text_fallback
TKO,TKO Group Holdings,Communication Services,Movies & Entertainment,,0,no_filing_found
TTD,Trade Desk (The),Communication Services,Advertising,0.0603,398857, full_text_fallback
TT,Trane Technologies,Industrials,Building Products,0.0,495048, full_text_fallback
TDG,TransDigm Group,Industrials,Aerospace & Defense,0.0,595796, full_text_fallback
TRV,Travelers Companies (The),Financials,Property & Casualty Insurance,0.0176,985643, full_text_fallback
TRMB,Trimble Inc.,Information Technology,Application Software,0.0467,359508, full_text_fallback
TFC,Truist Financial,Financials,Diversified Banks,0.0,879473, full_text_fallback
TYL,Tyler Technologies,Information Technology,Application Software,0.0,334682, full_text_fallback
USB,U.S. Bancorp,Financials,Diversified Banks,0.0,172332, full_text_fallback
UBER,Uber,Industrials,Passenger Ground Transportation,0.0575,833182, full_text_fallback
UNP,Union Pacific Corporation,Industrials,Rail Transportation,0.0,398665, full_text_fallback
UAL,United Airlines Holdings,Industrials,Passenger Airlines,0.0,572494, full_text_fallback
UPS,United Parcel Service,Industrials,Air Freight & Logistics,0.0,537234, full_text_fallback
URI,United Rentals,Industrials,Trading Companies & Distributors,0.0,466778, full_text_fallback
UNH,UnitedHealth Group,Health Care,Managed Health Care,0.0,408856, full_text_fallback
UHS,Universal Health Services,Health Care,Health Care Facilities,0.0,730925, full_text_fallback
VLO,Valero Energy,Energy,Oil & Gas Refining & Marketing,0.0,483397, full_text_fallback
VEEV,Veeva Systems,Health Care,Health Care Technology,0.0597,422902, full_text_fallback
VLTO,Veralto,Industrials,Environmental & Facilities Services,,0,no_filing_found
VRSN,Verisign,Information Technology,Internet Services & Infrastructure,0.0,284743, full_text_fallback
VRSK,Verisk Analytics,Industrials,Research & Consulting Services,0.0754,466759, full_text_fallback
VZ,Verizon,Communication Services,Integrated Telecommunication Services,0.0,576119, full_text_fallback
VRTX,Vertex Pharmaceuticals,Health Care,Biotechnology,0.0,615648, full_text_fallback
VRT,Vertiv,Industrials,Electrical Components & Equipment,0.0,468623, full_text_fallback
VTRS,Viatris,Health Care,Pharmaceuticals,0.0,268472, full_text_fallback
V,Visa Inc.,Financials,Transaction & Payment Processing Services,0.0,484373, full_text_fallback
WRB,W. R. Berkley Corporation,Financials,Property & Casualty Insurance,0.0,578290, full_text_fallback
GWW,W. W. Grainger,Industrials,Industrial Machinery & Supplies & Components,0.0,296920, full_text_fallback
WAB,Wabtec,Industrials,Construction Machinery & Heavy Transportation Equipment,0.0237,388498, full_text_fallback
DIS,Walt Disney Company (The),Communication Services,Movies & Entertainment,0.0,548501, full_text_fallback
WBD,Warner Bros. Discovery,Communication Services,Broadcasting,0.0,580668, full_text_fallback
WM,Waste Management,Industrials,Environmental & Facilities Services,0.0,566677, full_text_fallback
WAT,Waters Corporation,Health Care,Life Sciences Tools & Services,0.0,469686, full_text_fallback
WFC,Wells Fargo,Financials,Diversified Banks,0.0,118625, full_text_fallback
WST,West Pharmaceutical Services,Health Care,Health Care Supplies,0.0,366657, full_text_fallback
WDC,Western Digital,Information Technology,"Technology Hardware, Storage & Peripherals",0.0,383567, full_text_fallback
WMB,Williams Companies,Energy,Oil & Gas Storage & Transportation,0.0,604045, full_text_fallback
WTW,Willis Towers Watson,Financials,Insurance Brokers,0.0,357310, full_text_fallback
WDAY,"Workday, Inc.",Information Technology,Application Software,0.2268,441850, full_text_fallback
XYL,Xylem Inc.,Industrials,Industrial Machinery & Supplies & Components,0.0,488254, full_text_fallback
ZBRA,Zebra Technologies,Information Technology,Electronic Equipment & Instruments,0.1877,367863, full_text_fallback
ZBH,Zimmer Biomet,Health Care,Health Care Equipment,0.1032,486408, full_text_fallback
ZTS,Zoetis,Health Care,Pharmaceuticals,0.013,628557, full_text_fallback
